{
    "V_MV0_0_r": 55000.00000000001,
    "V_MV0_0_i": -31754.264805429415,
    "V_MV0_1_r": -54999.99999999999,
    "V_MV0_1_i": -31754.26480542944,
    "V_MV0_2_r": 3.888775875324659e-12,
    "V_MV0_2_i": 63508.52961085884,
    "V_MV0_3_r": 0.0,
    "V_MV0_3_i": 0.0,
    "V_01_0_r": 10000.0,
    "V_01_0_i": -5773.502691896257,
    "V_01_1_r": -9999.999999999998,
    "V_01_1_i": -5773.502691896261,
    "V_01_2_r": 7.070501591499379e-13,
    "V_01_2_i": 11547.005383792515,
    "V_01_3_r": 0.0,
    "V_01_3_i": 0.0,
    "V_02_0_r": 10000.0,
    "V_02_0_i": -5773.502691896257,
    "V_02_1_r": -9999.999999999998,
    "V_02_1_i": -5773.502691896261,
    "V_02_2_r": 7.070501591499379e-13,
    "V_02_2_i": 11547.005383792515,
    "V_02_3_r": 0.0,
    "V_02_3_i": 0.0,
    "V_03_0_r": 10000.0,
    "V_03_0_i": -5773.502691896257,
    "V_03_1_r": -9999.999999999998,
    "V_03_1_i": -5773.502691896261,
    "V_03_2_r": 7.070501591499379e-13,
    "V_03_2_i": 11547.005383792515,
    "V_03_3_r": 0.0,
    "V_03_3_i": 0.0,
    "V_04_0_r": 10000.0,
    "V_04_0_i": -5773.502691896257,
    "V_04_1_r": -9999.999999999998,
    "V_04_1_i": -5773.502691896261,
    "V_04_2_r": 7.070501591499379e-13,
    "V_04_2_i": 11547.005383792515,
    "V_04_3_r": 0.0,
    "V_04_3_i": 0.0,
    "V_05_0_r": 10000.0,
    "V_05_0_i": -5773.502691896257,
    "V_05_1_r": -9999.999999999998,
    "V_05_1_i": -5773.502691896261,
    "V_05_2_r": 7.070501591499379e-13,
    "V_05_2_i": 11547.005383792515,
    "V_05_3_r": 0.0,
    "V_05_3_i": 0.0,
    "V_06_0_r": 10000.0,
    "V_06_0_i": -5773.502691896257,
    "V_06_1_r": -9999.999999999998,
    "V_06_1_i": -5773.502691896261,
    "V_06_2_r": 7.070501591499379e-13,
    "V_06_2_i": 11547.005383792515,
    "V_06_3_r": 0.0,
    "V_06_3_i": 0.0,
    "V_07_0_r": 10000.0,
    "V_07_0_i": -5773.502691896257,
    "V_07_1_r": -9999.999999999998,
    "V_07_1_i": -5773.502691896261,
    "V_07_2_r": 7.070501591499379e-13,
    "V_07_2_i": 11547.005383792515,
    "V_07_3_r": 0.0,
    "V_07_3_i": 0.0,
    "V_08_0_r": 10000.0,
    "V_08_0_i": -5773.502691896257,
    "V_08_1_r": -9999.999999999998,
    "V_08_1_i": -5773.502691896261,
    "V_08_2_r": 7.070501591499379e-13,
    "V_08_2_i": 11547.005383792515,
    "V_08_3_r": 0.0,
    "V_08_3_i": 0.0,
    "V_09_0_r": 10000.0,
    "V_09_0_i": -5773.502691896257,
    "V_09_1_r": -9999.999999999998,
    "V_09_1_i": -5773.502691896261,
    "V_09_2_r": 7.070501591499379e-13,
    "V_09_2_i": 11547.005383792515,
    "V_09_3_r": 0.0,
    "V_09_3_i": 0.0,
    "V_10_0_r": 10000.0,
    "V_10_0_i": -5773.502691896257,
    "V_10_1_r": -9999.999999999998,
    "V_10_1_i": -5773.502691896261,
    "V_10_2_r": 7.070501591499379e-13,
    "V_10_2_i": 11547.005383792515,
    "V_10_3_r": 0.0,
    "V_10_3_i": 0.0,
    "V_11_0_r": 10000.0,
    "V_11_0_i": -5773.502691896257,
    "V_11_1_r": -9999.999999999998,
    "V_11_1_i": -5773.502691896261,
    "V_11_2_r": 7.070501591499379e-13,
    "V_11_2_i": 11547.005383792515,
    "V_11_3_r": 0.0,
    "V_11_3_i": 0.0,
    "V_12_0_r": 10000.0,
    "V_12_0_i": -5773.502691896257,
    "V_12_1_r": -9999.999999999998,
    "V_12_1_i": -5773.502691896261,
    "V_12_2_r": 7.070501591499379e-13,
    "V_12_2_i": 11547.005383792515,
    "V_12_3_r": 0.0,
    "V_12_3_i": 0.0,
    "V_13_0_r": 10000.0,
    "V_13_0_i": -5773.502691896257,
    "V_13_1_r": -9999.999999999998,
    "V_13_1_i": -5773.502691896261,
    "V_13_2_r": 7.070501591499379e-13,
    "V_13_2_i": 11547.005383792515,
    "V_13_3_r": 0.0,
    "V_13_3_i": 0.0,
    "V_14_0_r": 10000.0,
    "V_14_0_i": -5773.502691896257,
    "V_14_1_r": -9999.999999999998,
    "V_14_1_i": -5773.502691896261,
    "V_14_2_r": 7.070501591499379e-13,
    "V_14_2_i": 11547.005383792515,
    "V_14_3_r": 0.0,
    "V_14_3_i": 0.0,
    "omega": 1.0,
    "omega_coi": 1.0
}